filename,category,set
maskchin/46980_Mask_Chin.jpg,maskchin,train
maskchin/06270_Mask_Chin.jpg,maskchin,train
maskmouth/37040_Mask_Mouth_Chin.jpg,maskmouth,train
maskchin/69080_Mask_Chin.jpg,maskchin,train
maskmouth/69240_Mask_Mouth_Chin.jpg,maskmouth,train
maskoff/260.jpg,maskoff,train
maskmouth/48340_Mask_Mouth_Chin.jpg,maskmouth,train
maskon/52.jpg,maskon,train
maskchin/17810_Mask_Chin.jpg,maskchin,train
maskmouth/43740_Mask_Mouth_Chin.jpg,maskmouth,train
maskmouth/67940_Mask_Mouth_Chin.jpg,maskmouth,train
maskmouth/44940_Mask_Mouth_Chin.jpg,maskmouth,train
maskoff/255.jpg,maskoff,train
maskchin/56000_Mask_Chin.jpg,maskchin,train
maskmouth/45640_Mask_Mouth_Chin.jpg,maskmouth,train
maskchin/61370_Mask_Chin.jpg,maskchin,train
maskchin/40480_Mask_Chin.jpg,maskchin,train
maskmouth/45240_Mask_Mouth_Chin.jpg,maskmouth,train
maskmouth/61540_Mask_Mouth_Chin.jpg,maskmouth,train
maskchin/35560_Mask_Chin.jpg,maskchin,train
maskmouth/40940_Mask_Mouth_Chin.jpg,maskmouth,train
maskchin/60670_Mask_Chin.jpg,maskchin,train
maskmouth/11140_Mask_Mouth_Chin.jpg,maskmouth,train
maskon/1_0_4d086e061d950a7bf14c94e17f73a8dcf3d3c9c7.jpeg,maskon,train
maskmouth/27440_Mask_Mouth_Chin.jpg,maskmouth,train
maskoff/930.jpg,maskoff,train
maskmouth/05240_Mask_Mouth_Chin.jpg,maskmouth,train
maskmouth/41240_Mask_Mouth_Chin.jpg,maskmouth,train
maskmouth/07240_Mask_Mouth_Chin.jpg,maskmouth,train
maskchin/07910_Mask_Chin.jpg,maskchin,train
maskchin/32970_Mask_Chin.jpg,maskchin,train
maskon/0_0_Åú×¢ 2020-02-24 205216.png,maskon,train
maskchin/61010_Mask_Chin.jpg,maskchin,train
maskmouth/12640_Mask_Mouth_Chin.jpg,maskmouth,train
maskchin/37580_Mask_Chin.jpg,maskchin,train
maskchin/32400_Mask_Chin.jpg,maskchin,train
maskchin/15790_Mask_Chin.jpg,maskchin,train
maskmouth/38740_Mask_Mouth_Chin.jpg,maskmouth,train
maskoff/125.jpg,maskoff,train
maskmouth/39240_Mask_Mouth_Chin.jpg,maskmouth,train
maskoff/830.jpg,maskoff,train
maskon/55.jpg,maskon,train
maskchin/68060_Mask_Chin.jpg,maskchin,train
maskoff/570.jpg,maskoff,train
maskmouth/58540_Mask_Mouth_Chin.jpg,maskmouth,train
maskmouth/62440_Mask_Mouth_Chin.jpg,maskmouth,train
maskchin/63260_Mask_Chin.jpg,maskchin,train
maskoff/280.jpg,maskoff,train
maskmouth/06540_Mask_Mouth_Chin.jpg,maskmouth,train
maskchin/23460_Mask_Chin.jpg,maskchin,train
maskmouth/39940_Mask_Mouth_Chin.jpg,maskmouth,train
maskoff/905.jpg,maskoff,train
maskmouth/68340_Mask_Mouth_Chin.jpg,maskmouth,train
maskoff/0.jpg,maskoff,train
maskchin/34080_Mask_Chin.jpg,maskchin,train
maskmouth/67740_Mask_Mouth_Chin.jpg,maskmouth,train
maskmouth/21340_Mask_Mouth_Chin.jpg,maskmouth,train
maskon/1_0_Åú×¢ 2020-02-24 215624.png,maskon,train
maskoff/265.jpg,maskoff,train
maskmouth/07740_Mask_Mouth_Chin.jpg,maskmouth,train
maskmouth/03840_Mask_Mouth_Chin.jpg,maskmouth,train
maskmouth/69940_Mask_Mouth_Chin.jpg,maskmouth,train
maskoff/595.jpg,maskoff,train
maskmouth/11340_Mask_Mouth_Chin.jpg,maskmouth,train
maskoff/585.jpg,maskoff,train
maskmouth/67240_Mask_Mouth_Chin.jpg,maskmouth,train
maskmouth/41440_Mask_Mouth_Chin.jpg,maskmouth,train
maskmouth/61040_Mask_Mouth_Chin.jpg,maskmouth,train
maskmouth/50540_Mask_Mouth_Chin.jpg,maskmouth,train
maskmouth/06340_Mask_Mouth_Chin.jpg,maskmouth,train
maskchin/65280_Mask_Chin.jpg,maskchin,train
maskmouth/26840_Mask_Mouth_Chin.jpg,maskmouth,train
maskon/0_0_Åú×¢ 2020-02-25 150422.png,maskon,train
maskchin/68960_Mask_Chin.jpg,maskchin,train
maskoff/65.jpg,maskoff,train
maskmouth/30840_Mask_Mouth_Chin.jpg,maskmouth,train
maskchin/55580_Mask_Chin.jpg,maskchin,train
maskchin/40170_Mask_Chin.jpg,maskchin,train
maskchin/16270_Mask_Chin.jpg,maskchin,train
maskoff/700.jpg,maskoff,train
maskoff/490.jpg,maskoff,train
maskmouth/07340_Mask_Mouth_Chin.jpg,maskmouth,train
maskoff/300.jpg,maskoff,train
maskoff/400.jpg,maskoff,train
maskoff/105.jpg,maskoff,train
maskchin/06210_Mask_Chin.jpg,maskchin,train
maskmouth/67640_Mask_Mouth_Chin.jpg,maskmouth,train
maskmouth/21940_Mask_Mouth_Chin.jpg,maskmouth,train
maskoff/775.jpg,maskoff,train
maskmouth/17140_Mask_Mouth_Chin.jpg,maskmouth,train
maskoff/530.jpg,maskoff,train
maskmouth/53540_Mask_Mouth_Chin.jpg,maskmouth,train
maskmouth/24040_Mask_Mouth_Chin.jpg,maskmouth,train
maskmouth/0_0_42.jpg,maskmouth,train
maskchin/19500_Mask_Chin.jpg,maskchin,train
maskmouth/52740_Mask_Mouth_Chin.jpg,maskmouth,train
maskchin/20890_Mask_Chin.jpg,maskchin,train
maskmouth/44440_Mask_Mouth_Chin.jpg,maskmouth,train
maskoff/630.jpg,maskoff,train
maskchin/25390_Mask_Chin.jpg,maskchin,train
maskon/0_0_Åú×¢ 2020-02-24 222132.png,maskon,train
maskmouth/68540_Mask_Mouth_Chin.jpg,maskmouth,train
maskmouth/57240_Mask_Mouth_Chin.jpg,maskmouth,train
maskchin/24970_Mask_Chin.jpg,maskchin,train
maskon/0_0_Åú×¢ 2020-02-25 185912.png,maskon,train
maskmouth/05640_Mask_Mouth_Chin.jpg,maskmouth,train
maskmouth/34740_Mask_Mouth_Chin.jpg,maskmouth,train
maskon/0_0_2.JPEG,maskon,train
maskchin/08470_Mask_Chin.jpg,maskchin,train
maskmouth/25340_Mask_Mouth_Chin.jpg,maskmouth,train
maskchin/58010_Mask_Chin.jpg,maskchin,train
maskmouth/69440_Mask_Mouth_Chin.jpg,maskmouth,train
maskmouth/34140_Mask_Mouth_Chin.jpg,maskmouth,train
maskchin/03990_Mask_Chin.jpg,maskchin,train
maskmouth/49640_Mask_Mouth_Chin.jpg,maskmouth,train
maskchin/66600_Mask_Chin.jpg,maskchin,train
maskmouth/03640_Mask_Mouth_Chin.jpg,maskmouth,train
maskchin/05700_Mask_Chin.jpg,maskchin,train
maskmouth/20740_Mask_Mouth_Chin.jpg,maskmouth,train
maskmouth/28740_Mask_Mouth_Chin.jpg,maskmouth,train
maskoff/945.jpg,maskoff,train
maskoff/185.jpg,maskoff,train
maskmouth/46940_Mask_Mouth_Chin.jpg,maskmouth,train
maskmouth/33740_Mask_Mouth_Chin.jpg,maskmouth,train
maskmouth/21140_Mask_Mouth_Chin.jpg,maskmouth,train
maskmouth/38540_Mask_Mouth_Chin.jpg,maskmouth,train
maskoff/240.jpg,maskoff,train
maskmouth/51640_Mask_Mouth_Chin.jpg,maskmouth,train
maskchin/00870_Mask_Chin.jpg,maskchin,train
maskon/0_0_Åú×¢ 2020-02-24 220536.png,maskon,train
maskmouth/43340_Mask_Mouth_Chin.jpg,maskmouth,train
maskmouth/52140_Mask_Mouth_Chin.jpg,maskmouth,train
maskon/0_0_c729ad7e2701a7bf6e05567ec90cd1ba.jpeg,maskon,train
maskchin/20500_Mask_Chin.jpg,maskchin,train
maskmouth/51440_Mask_Mouth_Chin.jpg,maskmouth,train
maskmouth/67340_Mask_Mouth_Chin.jpg,maskmouth,train
maskmouth/54940_Mask_Mouth_Chin.jpg,maskmouth,train
maskchin/27210_Mask_Chin.jpg,maskchin,train
maskon/1_0_Åú×¢ 2020-02-24 203835.png,maskon,train
maskchin/67560_Mask_Chin.jpg,maskchin,train
maskmouth/27540_Mask_Mouth_Chin.jpg,maskmouth,train
maskmouth/05740_Mask_Mouth_Chin.jpg,maskmouth,train
maskoff/450.jpg,maskoff,train
maskoff/395.jpg,maskoff,train
maskmouth/00040_Mask_Mouth_Chin.jpg,maskmouth,train
maskmouth/0_0_6444def0ly1gbk9lw5d0mj20go0b4jrn.jpg,maskmouth,train
maskmouth/25240_Mask_Mouth_Chin.jpg,maskmouth,train
maskmouth/1_0_14.jpg,maskmouth,train
maskchin/47670_Mask_Chin.jpg,maskchin,train
maskmouth/67440_Mask_Mouth_Chin.jpg,maskmouth,train
maskmouth/44740_Mask_Mouth_Chin.jpg,maskmouth,train
maskmouth/62540_Mask_Mouth_Chin.jpg,maskmouth,train
maskmouth/10340_Mask_Mouth_Chin.jpg,maskmouth,train
maskmouth/20940_Mask_Mouth_Chin.jpg,maskmouth,train
maskchin/58260_Mask_Chin.jpg,maskchin,train
maskchin/11390_Mask_Chin.jpg,maskchin,train
maskchin/44910_Mask_Chin.jpg,maskchin,train
maskoff/860.jpg,maskoff,train
maskmouth/31740_Mask_Mouth_Chin.jpg,maskmouth,train
maskchin/27910_Mask_Chin.jpg,maskchin,train
maskmouth/51140_Mask_Mouth_Chin.jpg,maskmouth,train
maskmouth/41140_Mask_Mouth_Chin.jpg,maskmouth,train
maskoff/440.jpg,maskoff,train
maskoff/270.jpg,maskoff,train
maskchin/26270_Mask_Chin.jpg,maskchin,train
maskmouth/53840_Mask_Mouth_Chin.jpg,maskmouth,train
maskon/0_0_Åú×¢ 2020-02-25 150847.png,maskon,train
maskmouth/03940_Mask_Mouth_Chin.jpg,maskmouth,train
maskoff/150.jpg,maskoff,train
maskmouth/1_0_53.jpg,maskmouth,train
maskoff/735.jpg,maskoff,train
maskmouth/59040_Mask_Mouth_Chin.jpg,maskmouth,train
maskchin/27760_Mask_Chin.jpg,maskchin,train
maskmouth/58040_Mask_Mouth_Chin.jpg,maskmouth,train
maskchin/01700_Mask_Chin.jpg,maskchin,train
maskmouth/62840_Mask_Mouth_Chin.jpg,maskmouth,train
maskoff/760.jpg,maskoff,train
maskchin/15700_Mask_Chin.jpg,maskchin,train
maskchin/49000_Mask_Chin.jpg,maskchin,train
maskmouth/03540_Mask_Mouth_Chin.jpg,maskmouth,train
maskchin/17710_Mask_Chin.jpg,maskchin,train
maskoff/305.jpg,maskoff,train
maskmouth/38640_Mask_Mouth_Chin.jpg,maskmouth,train
maskmouth/68040_Mask_Mouth_Chin.jpg,maskmouth,train
maskchin/36880_Mask_Chin.jpg,maskchin,train
maskmouth/31540_Mask_Mouth_Chin.jpg,maskmouth,train
maskchin/65570_Mask_Chin.jpg,maskchin,train
maskmouth/25640_Mask_Mouth_Chin.jpg,maskmouth,train
maskchin/44490_Mask_Chin.jpg,maskchin,train
maskoff/320.jpg,maskoff,train
maskchin/41460_Mask_Chin.jpg,maskchin,train
maskchin/10360_Mask_Chin.jpg,maskchin,train
maskoff/435.jpg,maskoff,train
maskmouth/01040_Mask_Mouth_Chin.jpg,maskmouth,train
maskchin/16980_Mask_Chin.jpg,maskchin,train
maskoff/920.jpg,maskoff,train
maskon/1_0_Åú×¢ 2020-02-24 215726.png,maskon,train
maskmouth/52340_Mask_Mouth_Chin.jpg,maskmouth,train
maskoff/910.jpg,maskoff,train
maskchin/03310_Mask_Chin.jpg,maskchin,train
maskmouth/10640_Mask_Mouth_Chin.jpg,maskmouth,train
maskon/1_0_Åú×¢ 2020-02-25 151929.png,maskon,train
maskmouth/25540_Mask_Mouth_Chin.jpg,maskmouth,train
maskoff/745.jpg,maskoff,train
maskoff/790.jpg,maskoff,train
maskmouth/59940_Mask_Mouth_Chin.jpg,maskmouth,train
maskmouth/22940_Mask_Mouth_Chin.jpg,maskmouth,train
maskmouth/37940_Mask_Mouth_Chin.jpg,maskmouth,train
maskmouth/29640_Mask_Mouth_Chin.jpg,maskmouth,train
maskmouth/37840_Mask_Mouth_Chin.jpg,maskmouth,train
maskchin/45380_Mask_Chin.jpg,maskchin,train
maskmouth/29340_Mask_Mouth_Chin.jpg,maskmouth,train
maskchin/65360_Mask_Chin.jpg,maskchin,train
maskchin/00110_Mask_Chin.jpg,maskchin,train
maskoff/500.jpg,maskoff,train
maskmouth/1_0_006LvDhLly1g790l6enetj30hs0pidh3.jpg,maskmouth,train
maskchin/29370_Mask_Chin.jpg,maskchin,train
maskchin/65580_Mask_Chin.jpg,maskchin,train
maskon/1_0_0.jpeg,maskon,train
maskchin/53190_Mask_Chin.jpg,maskchin,train
maskchin/21990_Mask_Chin.jpg,maskchin,train
maskchin/06280_Mask_Chin.jpg,maskchin,train
maskon/0_0_Åú×¢ 2020-02-25 150355.png,maskon,train
maskmouth/67540_Mask_Mouth_Chin.jpg,maskmouth,train
maskchin/63710_Mask_Chin.jpg,maskchin,train
maskoff/60.jpg,maskoff,train
maskmouth/56640_Mask_Mouth_Chin.jpg,maskmouth,train
maskchin/27070_Mask_Chin.jpg,maskchin,train
maskchin/54560_Mask_Chin.jpg,maskchin,train
maskmouth/17740_Mask_Mouth_Chin.jpg,maskmouth,train
maskoff/100.jpg,maskoff,train
maskmouth/1_1_18.jpg,maskmouth,train
maskmouth/37640_Mask_Mouth_Chin.jpg,maskmouth,train
maskchin/21770_Mask_Chin.jpg,maskchin,train
maskmouth/00540_Mask_Mouth_Chin.jpg,maskmouth,train
maskon/0_0_Åú×¢ 2020-02-25 190026.png,maskon,train
maskmouth/01940_Mask_Mouth_Chin.jpg,maskmouth,train
maskon/1_1_2.png,maskon,train
maskmouth/48040_Mask_Mouth_Chin.jpg,maskmouth,train
maskon/1_0_Åú×¢ 2020-02-24 202935.png,maskon,train
maskchin/57170_Mask_Chin.jpg,maskchin,train
maskoff/810.jpg,maskoff,train
maskchin/50190_Mask_Chin.jpg,maskchin,train
maskmouth/31440_Mask_Mouth_Chin.jpg,maskmouth,train
maskmouth/62940_Mask_Mouth_Chin.jpg,maskmouth,train
maskchin/14700_Mask_Chin.jpg,maskchin,train
maskchin/16990_Mask_Chin.jpg,maskchin,train
maskmouth/34040_Mask_Mouth_Chin.jpg,maskmouth,train
maskchin/20690_Mask_Chin.jpg,maskchin,train
maskon/0_0_Åú×¢ 2020-02-24 222124.png,maskon,train
maskon/0_0_Åú×¢ 2020-02-25 185849.png,maskon,train
maskmouth/51940_Mask_Mouth_Chin.jpg,maskmouth,train
maskon/1_0_Åú×¢ 2020-02-24 224914.png,maskon,train
maskchin/45160_Mask_Chin.jpg,maskchin,train
maskchin/22480_Mask_Chin.jpg,maskchin,train
maskmouth/32940_Mask_Mouth_Chin.jpg,maskmouth,train
maskoff/285.jpg,maskoff,train
maskchin/00680_Mask_Chin.jpg,maskchin,train
maskmouth/30740_Mask_Mouth_Chin.jpg,maskmouth,train
maskmouth/47140_Mask_Mouth_Chin.jpg,maskmouth,train
maskchin/02800_Mask_Chin.jpg,maskchin,train
maskchin/18180_Mask_Chin.jpg,maskchin,train
maskmouth/40640_Mask_Mouth_Chin.jpg,maskmouth,train
maskmouth/27340_Mask_Mouth_Chin.jpg,maskmouth,train
maskmouth/61640_Mask_Mouth_Chin.jpg,maskmouth,train
maskchin/07670_Mask_Chin.jpg,maskchin,train
maskmouth/26140_Mask_Mouth_Chin.jpg,maskmouth,train
maskmouth/01740_Mask_Mouth_Chin.jpg,maskmouth,train
maskchin/38200_Mask_Chin.jpg,maskchin,train
maskchin/37110_Mask_Chin.jpg,maskchin,train
maskoff/410.jpg,maskoff,train
maskon/1_0_1.jpeg,maskon,train
maskchin/07800_Mask_Chin.jpg,maskchin,train
maskchin/29260_Mask_Chin.jpg,maskchin,train
maskmouth/45340_Mask_Mouth_Chin.jpg,maskmouth,train
maskmouth/59840_Mask_Mouth_Chin.jpg,maskmouth,train
maskmouth/46340_Mask_Mouth_Chin.jpg,maskmouth,train
maskmouth/46140_Mask_Mouth_Chin.jpg,maskmouth,train
maskmouth/58740_Mask_Mouth_Chin.jpg,maskmouth,train
maskon/0_0_Åú×¢ 2020-02-24 203708.png,maskon,train
maskchin/32160_Mask_Chin.jpg,maskchin,train
maskmouth/19340_Mask_Mouth_Chin.jpg,maskmouth,train
maskoff/10.jpg,maskoff,train
maskmouth/0_0_40_161108111055_1.jpg,maskmouth,train
maskoff/390.jpg,maskoff,train
maskmouth/53640_Mask_Mouth_Chin.jpg,maskmouth,train
maskon/1_0_230a148bd97a4a1ab85132dbc2cf3022.jpeg,maskon,train
maskchin/17300_Mask_Chin.jpg,maskchin,train
maskchin/53480_Mask_Chin.jpg,maskchin,train
maskoff/935.jpg,maskoff,train
maskchin/15170_Mask_Chin.jpg,maskchin,train
maskchin/52890_Mask_Chin.jpg,maskchin,train
maskmouth/19540_Mask_Mouth_Chin.jpg,maskmouth,train
maskchin/09110_Mask_Chin.jpg,maskchin,train
maskoff/535.jpg,maskoff,train
maskoff/420.jpg,maskoff,train
maskchin/13390_Mask_Chin.jpg,maskchin,train
maskoff/30.jpg,maskoff,train
maskoff/155.jpg,maskoff,train
maskmouth/34840_Mask_Mouth_Chin.jpg,maskmouth,train
maskoff/140.jpg,maskoff,train
maskmouth/64440_Mask_Mouth_Chin.jpg,maskmouth,train
maskmouth/62040_Mask_Mouth_Chin.jpg,maskmouth,train
maskmouth/48140_Mask_Mouth_Chin.jpg,maskmouth,train
maskmouth/11540_Mask_Mouth_Chin.jpg,maskmouth,train
maskchin/43970_Mask_Chin.jpg,maskchin,train
maskchin/04580_Mask_Chin.jpg,maskchin,train
maskoff/640.jpg,maskoff,train
maskchin/16310_Mask_Chin.jpg,maskchin,train
maskmouth/21240_Mask_Mouth_Chin.jpg,maskmouth,train
maskmouth/11840_Mask_Mouth_Chin.jpg,maskmouth,train
maskoff/340.jpg,maskoff,train
maskmouth/10740_Mask_Mouth_Chin.jpg,maskmouth,train
maskmouth/30040_Mask_Mouth_Chin.jpg,maskmouth,train
maskoff/520.jpg,maskoff,train
maskchin/43460_Mask_Chin.jpg,maskchin,train
maskchin/41700_Mask_Chin.jpg,maskchin,train
maskmouth/14740_Mask_Mouth_Chin.jpg,maskmouth,train
maskmouth/00840_Mask_Mouth_Chin.jpg,maskmouth,train
maskchin/16860_Mask_Chin.jpg,maskchin,train
maskchin/36810_Mask_Chin.jpg,maskchin,train
maskoff/120.jpg,maskoff,train
maskmouth/14840_Mask_Mouth_Chin.jpg,maskmouth,train
maskoff/615.jpg,maskoff,train
maskchin/03160_Mask_Chin.jpg,maskchin,train
maskmouth/24540_Mask_Mouth_Chin.jpg,maskmouth,train
maskmouth/56240_Mask_Mouth_Chin.jpg,maskmouth,train
maskmouth/28640_Mask_Mouth_Chin.jpg,maskmouth,train
maskchin/20800_Mask_Chin.jpg,maskchin,train
maskmouth/22040_Mask_Mouth_Chin.jpg,maskmouth,train
maskmouth/0_0_6e745b4bgy1g78l5u2ktqj20f00mi0vj.jpg,maskmouth,train
maskchin/01900_Mask_Chin.jpg,maskchin,train
maskmouth/38840_Mask_Mouth_Chin.jpg,maskmouth,train
maskchin/20480_Mask_Chin.jpg,maskchin,train
maskmouth/49440_Mask_Mouth_Chin.jpg,maskmouth,train
maskon/0_0_Åú×¢ 2020-02-24 203653.png,maskon,train
maskchin/68260_Mask_Chin.jpg,maskchin,train
maskmouth/59740_Mask_Mouth_Chin.jpg,maskmouth,train
maskmouth/69540_Mask_Mouth_Chin.jpg,maskmouth,train
maskoff/765.jpg,maskoff,train
maskmouth/48540_Mask_Mouth_Chin.jpg,maskmouth,train
maskmouth/20640_Mask_Mouth_Chin.jpg,maskmouth,train
maskchin/37210_Mask_Chin.jpg,maskchin,train
maskmouth/69140_Mask_Mouth_Chin.jpg,maskmouth,train
maskmouth/20540_Mask_Mouth_Chin.jpg,maskmouth,train
maskchin/45890_Mask_Chin.jpg,maskchin,train
maskmouth/32640_Mask_Mouth_Chin.jpg,maskmouth,train
maskmouth/17440_Mask_Mouth_Chin.jpg,maskmouth,train
maskon/0_0_Åú×¢ 2020-02-24 203822.png,maskon,train
maskmouth/64240_Mask_Mouth_Chin.jpg,maskmouth,train
maskmouth/00940_Mask_Mouth_Chin.jpg,maskmouth,train
maskchin/53280_Mask_Chin.jpg,maskchin,train
maskchin/32200_Mask_Chin.jpg,maskchin,train
maskchin/58970_Mask_Chin.jpg,maskchin,train
maskmouth/22440_Mask_Mouth_Chin.jpg,maskmouth,train
maskoff/785.jpg,maskoff,train
maskmouth/11740_Mask_Mouth_Chin.jpg,maskmouth,train
maskoff/35.jpg,maskoff,train
maskon/0_0_Åú×¢ 2020-02-25 150921.png,maskon,train
maskchin/1_0_8.jpg,maskchin,train
maskmouth/54040_Mask_Mouth_Chin.jpg,maskmouth,train
maskmouth/31040_Mask_Mouth_Chin.jpg,maskmouth,train
maskchin/00910_Mask_Chin.jpg,maskchin,train
maskon/56.jpg,maskon,train
maskoff/835.jpg,maskoff,train
maskon/0_0_Åú×¢ 2020-02-24 215234.png,maskon,train
maskchin/57870_Mask_Chin.jpg,maskchin,train
maskmouth/15340_Mask_Mouth_Chin.jpg,maskmouth,train
maskmouth/10040_Mask_Mouth_Chin.jpg,maskmouth,train
maskchin/69900_Mask_Chin.jpg,maskchin,train
maskmouth/12540_Mask_Mouth_Chin.jpg,maskmouth,train
maskoff/680.jpg,maskoff,train
maskmouth/67040_Mask_Mouth_Chin.jpg,maskmouth,train
maskmouth/38240_Mask_Mouth_Chin.jpg,maskmouth,train
maskchin/00090_Mask_Chin.jpg,maskchin,train
maskmouth/61740_Mask_Mouth_Chin.jpg,maskmouth,train
maskmouth/38340_Mask_Mouth_Chin.jpg,maskmouth,train
maskchin/35090_Mask_Chin.jpg,maskchin,train
maskmouth/38040_Mask_Mouth_Chin.jpg,maskmouth,train
maskmouth/48440_Mask_Mouth_Chin.jpg,maskmouth,train
maskoff/675.jpg,maskoff,train
maskmouth/28840_Mask_Mouth_Chin.jpg,maskmouth,train
maskchin/59980_Mask_Chin.jpg,maskchin,train
maskmouth/59340_Mask_Mouth_Chin.jpg,maskmouth,train
maskmouth/45740_Mask_Mouth_Chin.jpg,maskmouth,train
maskmouth/32540_Mask_Mouth_Chin.jpg,maskmouth,train
maskmouth/63340_Mask_Mouth_Chin.jpg,maskmouth,train
maskmouth/12240_Mask_Mouth_Chin.jpg,maskmouth,train
maskmouth/53440_Mask_Mouth_Chin.jpg,maskmouth,train
maskoff/550.jpg,maskoff,train
maskmouth/41340_Mask_Mouth_Chin.jpg,maskmouth,train
maskmouth/28340_Mask_Mouth_Chin.jpg,maskmouth,train
maskmouth/40140_Mask_Mouth_Chin.jpg,maskmouth,train
maskchin/56470_Mask_Chin.jpg,maskchin,train
maskmouth/12440_Mask_Mouth_Chin.jpg,maskmouth,train
maskmouth/48940_Mask_Mouth_Chin.jpg,maskmouth,train
maskoff/220.jpg,maskoff,train
maskmouth/40740_Mask_Mouth_Chin.jpg,maskmouth,train
maskchin/16200_Mask_Chin.jpg,maskchin,train
maskmouth/31640_Mask_Mouth_Chin.jpg,maskmouth,train
maskoff/580.jpg,maskoff,train
maskmouth/58640_Mask_Mouth_Chin.jpg,maskmouth,train
maskoff/250.jpg,maskoff,train
maskmouth/62240_Mask_Mouth_Chin.jpg,maskmouth,train
maskmouth/19640_Mask_Mouth_Chin.jpg,maskmouth,train
maskchin/47070_Mask_Chin.jpg,maskchin,train
maskchin/52760_Mask_Chin.jpg,maskchin,train
maskon/50.jpg,maskon,train
maskchin/22700_Mask_Chin.jpg,maskchin,train
maskmouth/24440_Mask_Mouth_Chin.jpg,maskmouth,train
maskmouth/50140_Mask_Mouth_Chin.jpg,maskmouth,train
maskmouth/21740_Mask_Mouth_Chin.jpg,maskmouth,train
maskon/0_0_Åú×¢ 2020-02-23 132400.png,maskon,train
maskoff/165.jpg,maskoff,train
maskmouth/47440_Mask_Mouth_Chin.jpg,maskmouth,train
maskmouth/54740_Mask_Mouth_Chin.jpg,maskmouth,train
maskoff/840.jpg,maskoff,train
maskmouth/26340_Mask_Mouth_Chin.jpg,maskmouth,train
maskmouth/12940_Mask_Mouth_Chin.jpg,maskmouth,train
maskchin/17070_Mask_Chin.jpg,maskchin,train
maskchin/66760_Mask_Chin.jpg,maskchin,train
maskmouth/62140_Mask_Mouth_Chin.jpg,maskmouth,train
maskmouth/17640_Mask_Mouth_Chin.jpg,maskmouth,train
maskmouth/33240_Mask_Mouth_Chin.jpg,maskmouth,train
maskon/0_0_Åú×¢ 2020-02-24 203844.png,maskon,train
maskmouth/63240_Mask_Mouth_Chin.jpg,maskmouth,train
maskmouth/50440_Mask_Mouth_Chin.jpg,maskmouth,train
maskmouth/45440_Mask_Mouth_Chin.jpg,maskmouth,train
maskoff/350.jpg,maskoff,train
maskmouth/46240_Mask_Mouth_Chin.jpg,maskmouth,train
maskmouth/20040_Mask_Mouth_Chin.jpg,maskmouth,train
maskoff/755.jpg,maskoff,train
maskmouth/41840_Mask_Mouth_Chin.jpg,maskmouth,train
maskmouth/47040_Mask_Mouth_Chin.jpg,maskmouth,train
maskmouth/15040_Mask_Mouth_Chin.jpg,maskmouth,train
maskmouth/50840_Mask_Mouth_Chin.jpg,maskmouth,train
maskmouth/41540_Mask_Mouth_Chin.jpg,maskmouth,train
maskchin/02500_Mask_Chin.jpg,maskchin,train
maskmouth/62740_Mask_Mouth_Chin.jpg,maskmouth,train
maskmouth/58840_Mask_Mouth_Chin.jpg,maskmouth,train
maskmouth/47840_Mask_Mouth_Chin.jpg,maskmouth,train
maskmouth/68640_Mask_Mouth_Chin.jpg,maskmouth,train
maskmouth/63540_Mask_Mouth_Chin.jpg,maskmouth,train
maskmouth/64640_Mask_Mouth_Chin.jpg,maskmouth,train
maskoff/145.jpg,maskoff,train
maskoff/50.jpg,maskoff,train
maskmouth/0_0_35.jpg,maskmouth,train
maskmouth/32040_Mask_Mouth_Chin.jpg,maskmouth,train
maskoff/110.jpg,maskoff,train
maskmouth/37440_Mask_Mouth_Chin.jpg,maskmouth,train
maskmouth/05440_Mask_Mouth_Chin.jpg,maskmouth,train
maskon/0_0_2a30011513926397f286f6b6107948f1.jpeg,maskon,train
maskmouth/58140_Mask_Mouth_Chin.jpg,maskmouth,train
maskoff/560.jpg,maskoff,train
maskchin/17680_Mask_Chin.jpg,maskchin,train
maskoff/225.jpg,maskoff,train
maskchin/61090_Mask_Chin.jpg,maskchin,train
maskmouth/54840_Mask_Mouth_Chin.jpg,maskmouth,train
maskmouth/32740_Mask_Mouth_Chin.jpg,maskmouth,train
maskmouth/33440_Mask_Mouth_Chin.jpg,maskmouth,train
maskmouth/43440_Mask_Mouth_Chin.jpg,maskmouth,train
maskchin/15010_Mask_Chin.jpg,maskchin,train
maskmouth/51840_Mask_Mouth_Chin.jpg,maskmouth,train
maskchin/58680_Mask_Chin.jpg,maskchin,train
maskon/0_0_1.png,maskon,train
maskchin/09210_Mask_Chin.jpg,maskchin,train
maskmouth/07840_Mask_Mouth_Chin.jpg,maskmouth,train
maskchin/15380_Mask_Chin.jpg,maskchin,train
maskoff/15.jpg,maskoff,train
maskmouth/43540_Mask_Mouth_Chin.jpg,maskmouth,train
maskmouth/43040_Mask_Mouth_Chin.jpg,maskmouth,train
maskmouth/11940_Mask_Mouth_Chin.jpg,maskmouth,train
maskchin/01310_Mask_Chin.jpg,maskchin,train
maskoff/90.jpg,maskoff,train
maskoff/375.jpg,maskoff,train
maskmouth/34940_Mask_Mouth_Chin.jpg,maskmouth,train
maskoff/335.jpg,maskoff,train
maskchin/59100_Mask_Chin.jpg,maskchin,train
maskmouth/49040_Mask_Mouth_Chin.jpg,maskmouth,train
maskoff/45.jpg,maskoff,train
maskoff/505.jpg,maskoff,train
maskoff/465.jpg,maskoff,train
maskmouth/62640_Mask_Mouth_Chin.jpg,maskmouth,train
maskmouth/43140_Mask_Mouth_Chin.jpg,maskmouth,train
maskoff/245.jpg,maskoff,train
maskmouth/62340_Mask_Mouth_Chin.jpg,maskmouth,train
maskchin/30560_Mask_Chin.jpg,maskchin,train
maskoff/885.jpg,maskoff,train
maskmouth/27840_Mask_Mouth_Chin.jpg,maskmouth,train
maskoff/620.jpg,maskoff,train
maskmouth/06840_Mask_Mouth_Chin.jpg,maskmouth,train
maskchin/17360_Mask_Chin.jpg,maskchin,train
maskchin/22190_Mask_Chin.jpg,maskchin,train
maskmouth/33340_Mask_Mouth_Chin.jpg,maskmouth,train
maskoff/645.jpg,maskoff,train
maskon/0_0_Åú×¢ 2020-02-24 205231.png,maskon,train
maskchin/05360_Mask_Chin.jpg,maskchin,train
maskmouth/01640_Mask_Mouth_Chin.jpg,maskmouth,train
maskmouth/00440_Mask_Mouth_Chin.jpg,maskmouth,train
maskmouth/69840_Mask_Mouth_Chin.jpg,maskmouth,train
maskmouth/39340_Mask_Mouth_Chin.jpg,maskmouth,train
maskchin/18210_Mask_Chin.jpg,maskchin,train
maskmouth/03740_Mask_Mouth_Chin.jpg,maskmouth,train
maskchin/44990_Mask_Chin.jpg,maskchin,train
maskmouth/0_0_27.jpg,maskmouth,train
maskoff/695.jpg,maskoff,train
maskchin/39990_Mask_Chin.jpg,maskchin,train
maskon/1_0_Åú×¢ 2020-02-25 184039.png,maskon,train
maskmouth/59140_Mask_Mouth_Chin.jpg,maskmouth,train
maskmouth/14140_Mask_Mouth_Chin.jpg,maskmouth,train
maskmouth/48240_Mask_Mouth_Chin.jpg,maskmouth,train
maskoff/800.jpg,maskoff,train
maskchin/31490_Mask_Chin.jpg,maskchin,train
maskmouth/00740_Mask_Mouth_Chin.jpg,maskmouth,train
maskon/0_0_Åú×¢ 2020-02-24 225408.png,maskon,train
maskoff/625.jpg,maskoff,train
maskchin/44680_Mask_Chin.jpg,maskchin,train
maskmouth/63140_Mask_Mouth_Chin.jpg,maskmouth,train
maskoff/355.jpg,maskoff,train
maskmouth/22840_Mask_Mouth_Chin.jpg,maskmouth,train
maskchin/36400_Mask_Chin.jpg,maskchin,train
maskmouth/45840_Mask_Mouth_Chin.jpg,maskmouth,train
maskchin/31280_Mask_Chin.jpg,maskchin,train
maskon/51.jpg,maskon,train
maskoff/605.jpg,maskoff,train
maskchin/52910_Mask_Chin.jpg,maskchin,train
maskchin/32690_Mask_Chin.jpg,maskchin,train
maskoff/690.jpg,maskoff,train
maskmouth/53740_Mask_Mouth_Chin.jpg,maskmouth,train
maskchin/26090_Mask_Chin.jpg,maskchin,train
maskchin/17190_Mask_Chin.jpg,maskchin,train
maskoff/610.jpg,maskoff,train
maskmouth/50240_Mask_Mouth_Chin.jpg,maskmouth,train
maskchin/30490_Mask_Chin.jpg,maskchin,train
maskchin/57890_Mask_Chin.jpg,maskchin,train
maskmouth/44240_Mask_Mouth_Chin.jpg,maskmouth,train
maskmouth/06640_Mask_Mouth_Chin.jpg,maskmouth,train
maskchin/11400_Mask_Chin.jpg,maskchin,train
maskoff/855.jpg,maskoff,train
maskmouth/17840_Mask_Mouth_Chin.jpg,maskmouth,train
maskchin/08860_Mask_Chin.jpg,maskchin,train
maskmouth/49140_Mask_Mouth_Chin.jpg,maskmouth,train
maskmouth/64040_Mask_Mouth_Chin.jpg,maskmouth,train
maskmouth/20240_Mask_Mouth_Chin.jpg,maskmouth,train
maskmouth/44540_Mask_Mouth_Chin.jpg,maskmouth,train
maskoff/445.jpg,maskoff,train
maskoff/415.jpg,maskoff,train
maskmouth/19840_Mask_Mouth_Chin.jpg,maskmouth,train
maskoff/235.jpg,maskoff,train
maskoff/880.jpg,maskoff,train
maskon/59.jpg,maskon,train
maskmouth/64540_Mask_Mouth_Chin.jpg,maskmouth,train
maskon/0_0_Åú×¢ 2020-02-24 203737.png,maskon,train
maskmouth/29940_Mask_Mouth_Chin.jpg,maskmouth,train
maskoff/540.jpg,maskoff,train
maskchin/56570_Mask_Chin.jpg,maskchin,train
maskmouth/47540_Mask_Mouth_Chin.jpg,maskmouth,train
maskchin/08480_Mask_Chin.jpg,maskchin,train
maskchin/29460_Mask_Chin.jpg,maskchin,train
maskoff/900.jpg,maskoff,train
maskmouth/39040_Mask_Mouth_Chin.jpg,maskmouth,train
maskon/0_0_Åú×¢ 2020-02-24 202544.png,maskon,train
maskoff/730.jpg,maskoff,train
maskchin/37380_Mask_Chin.jpg,maskchin,train
maskoff/370.jpg,maskoff,train
maskoff/175.jpg,maskoff,train
maskon/58.jpg,maskon,train
maskon/0_0_0.jpeg,maskon,train
maskon/0_0_Åú×¢ 2020-02-24 172039.png,maskon,train
maskmouth/50340_Mask_Mouth_Chin.jpg,maskmouth,train
maskoff/795.jpg,maskoff,train
maskmouth/44140_Mask_Mouth_Chin.jpg,maskmouth,train
maskmouth/56540_Mask_Mouth_Chin.jpg,maskmouth,train
maskmouth/61940_Mask_Mouth_Chin.jpg,maskmouth,train
maskchin/67200_Mask_Chin.jpg,maskchin,train
maskmouth/39140_Mask_Mouth_Chin.jpg,maskmouth,train
maskchin/38700_Mask_Chin.jpg,maskchin,train
maskoff/200.jpg,maskoff,train
maskoff/345.jpg,maskoff,train
maskchin/20060_Mask_Chin.jpg,maskchin,train
maskchin/14690_Mask_Chin.jpg,maskchin,train
maskchin/53710_Mask_Chin.jpg,maskchin,train
maskchin/05960_Mask_Chin.jpg,maskchin,train
maskon/0_0_Åú×¢ 2020-02-24 171804.png,maskon,train
maskchin/06900_Mask_Chin.jpg,maskchin,train
maskmouth/10840_Mask_Mouth_Chin.jpg,maskmouth,train
maskchin/67600_Mask_Chin.jpg,maskchin,train
maskoff/600.jpg,maskoff,train
maskchin/29600_Mask_Chin.jpg,maskchin,train
maskoff/820.jpg,maskoff,train
maskmouth/31940_Mask_Mouth_Chin.jpg,maskmouth,train
maskchin/39610_Mask_Chin.jpg,maskchin,train
maskmouth/33940_Mask_Mouth_Chin.jpg,maskmouth,train
maskchin/19090_Mask_Chin.jpg,maskchin,train
maskmouth/32440_Mask_Mouth_Chin.jpg,maskmouth,train
maskchin/49170_Mask_Chin.jpg,maskchin,train
maskmouth/28440_Mask_Mouth_Chin.jpg,maskmouth,train
maskmouth/33040_Mask_Mouth_Chin.jpg,maskmouth,train
maskchin/35490_Mask_Chin.jpg,maskchin,train
maskmouth/46640_Mask_Mouth_Chin.jpg,maskmouth,train
maskmouth/40240_Mask_Mouth_Chin.jpg,maskmouth,train
maskmouth/58340_Mask_Mouth_Chin.jpg,maskmouth,train
maskchin/40890_Mask_Chin.jpg,maskchin,train
maskchin/18780_Mask_Chin.jpg,maskchin,train
maskchin/31680_Mask_Chin.jpg,maskchin,train
maskchin/58170_Mask_Chin.jpg,maskchin,train
maskchin/11480_Mask_Chin.jpg,maskchin,train
maskmouth/64340_Mask_Mouth_Chin.jpg,maskmouth,train
maskmouth/07040_Mask_Mouth_Chin.jpg,maskmouth,train
maskmouth/40040_Mask_Mouth_Chin.jpg,maskmouth,train
maskmouth/57540_Mask_Mouth_Chin.jpg,maskmouth,train
maskoff/705.jpg,maskoff,train
maskchin/25890_Mask_Chin.jpg,maskchin,train
maskchin/09010_Mask_Chin.jpg,maskchin,train
maskmouth/40340_Mask_Mouth_Chin.jpg,maskmouth,train
maskon/0_0_Åú×¢ 2020-02-25 185947.png,maskon,train
maskmouth/63640_Mask_Mouth_Chin.jpg,maskmouth,train
maskon/1_0_Åú×¢ 2020-02-25 151918.png,maskon,train
maskchin/12680_Mask_Chin.jpg,maskchin,train
maskmouth/15140_Mask_Mouth_Chin.jpg,maskmouth,train
maskoff/70.jpg,maskoff,train
maskmouth/00140_Mask_Mouth_Chin.jpg,maskmouth,train
maskmouth/57640_Mask_Mouth_Chin.jpg,maskmouth,train
maskchin/60460_Mask_Chin.jpg,maskchin,train
maskoff/750.jpg,maskoff,train
maskmouth/37740_Mask_Mouth_Chin.jpg,maskmouth,train
maskmouth/00240_Mask_Mouth_Chin.jpg,maskmouth,train
maskoff/950.jpg,maskoff,train
maskchin/20760_Mask_Chin.jpg,maskchin,train
maskchin/00780_Mask_Chin.jpg,maskchin,train
maskchin/12760_Mask_Chin.jpg,maskchin,train
maskmouth/05340_Mask_Mouth_Chin.jpg,maskmouth,train
maskchin/58190_Mask_Chin.jpg,maskchin,train
maskoff/665.jpg,maskoff,train
maskoff/380.jpg,maskoff,train
maskchin/27060_Mask_Chin.jpg,maskchin,train
maskon/0_0_Åú×¢ 2020-02-24 224833.png,maskon,train
maskmouth/59240_Mask_Mouth_Chin.jpg,maskmouth,train
maskmouth/11040_Mask_Mouth_Chin.jpg,maskmouth,train
maskchin/48490_Mask_Chin.jpg,maskchin,train
maskmouth/31240_Mask_Mouth_Chin.jpg,maskmouth,train
maskchin/03780_Mask_Chin.jpg,maskchin,train
maskchin/65470_Mask_Chin.jpg,maskchin,train
maskchin/10160_Mask_Chin.jpg,maskchin,train
maskoff/85.jpg,maskoff,train
maskon/0_0_8bf8364ed98ac9cbeb3c45e87270b886.jpeg,maskon,train
maskoff/890.jpg,maskoff,train
maskmouth/39640_Mask_Mouth_Chin.jpg,maskmouth,train
maskoff/525.jpg,maskoff,train
maskon/0_1_0.jpeg,maskon,train
maskchin/40600_Mask_Chin.jpg,maskchin,train
maskchin/68090_Mask_Chin.jpg,maskchin,train
maskchin/15200_Mask_Chin.jpg,maskchin,train
maskmouth/15540_Mask_Mouth_Chin.jpg,maskmouth,train
maskmouth/01840_Mask_Mouth_Chin.jpg,maskmouth,train
maskoff/780.jpg,maskoff,train
maskchin/29490_Mask_Chin.jpg,maskchin,train
maskmouth/40840_Mask_Mouth_Chin.jpg,maskmouth,train
maskon/0_0_Åú×¢ 2020-02-24 203725.png,maskon,train
maskchin/38010_Mask_Chin.jpg,maskchin,train
maskoff/865.jpg,maskoff,train
maskoff/455.jpg,maskoff,train
maskchin/62190_Mask_Chin.jpg,maskchin,train
maskmouth/64840_Mask_Mouth_Chin.jpg,maskmouth,train
maskchin/34970_Mask_Chin.jpg,maskchin,train
maskmouth/19740_Mask_Mouth_Chin.jpg,maskmouth,train
maskoff/385.jpg,maskoff,train
maskchin/28790_Mask_Chin.jpg,maskchin,train
maskmouth/22640_Mask_Mouth_Chin.jpg,maskmouth,train
maskoff/170.jpg,maskoff,train
maskchin/35810_Mask_Chin.jpg,maskchin,train
maskchin/41990_Mask_Chin.jpg,maskchin,train
maskchin/03610_Mask_Chin.jpg,maskchin,train
maskmouth/00640_Mask_Mouth_Chin.jpg,maskmouth,train
maskchin/55960_Mask_Chin.jpg,maskchin,train
maskchin/16610_Mask_Chin.jpg,maskchin,train
maskoff/740.jpg,maskoff,train
maskmouth/14240_Mask_Mouth_Chin.jpg,maskmouth,train
maskchin/40090_Mask_Chin.jpg,maskchin,train
maskchin/05980_Mask_Chin.jpg,maskchin,train
maskmouth/24140_Mask_Mouth_Chin.jpg,maskmouth,train
maskchin/06010_Mask_Chin.jpg,maskchin,train
maskmouth/03240_Mask_Mouth_Chin.jpg,maskmouth,train
maskmouth/56940_Mask_Mouth_Chin.jpg,maskmouth,train
maskmouth/11440_Mask_Mouth_Chin.jpg,maskmouth,train
maskmouth/57140_Mask_Mouth_Chin.jpg,maskmouth,train
maskoff/460.jpg,maskoff,train
maskoff/205.jpg,maskoff,train
maskchin/49780_Mask_Chin.jpg,maskchin,train
maskmouth/01440_Mask_Mouth_Chin.jpg,maskmouth,train
maskmouth/01540_Mask_Mouth_Chin.jpg,maskmouth,train
maskchin/30780_Mask_Chin.jpg,maskchin,train
maskon/0_0_Åú×¢ 2020-02-24 224820.png,maskon,train
maskmouth/57040_Mask_Mouth_Chin.jpg,maskmouth,train
maskmouth/06140_Mask_Mouth_Chin.jpg,maskmouth,train
maskmouth/1_1_23.jpg,maskmouth,train
maskoff/545.jpg,maskoff,train
maskmouth/56840_Mask_Mouth_Chin.jpg,maskmouth,train
maskmouth/12140_Mask_Mouth_Chin.jpg,maskmouth,train
maskoff/475.jpg,maskoff,train
maskchin/56980_Mask_Chin.jpg,maskchin,train
maskoff/230.jpg,maskoff,train
maskmouth/56040_Mask_Mouth_Chin.jpg,maskmouth,train
maskchin/62260_Mask_Chin.jpg,maskchin,train
maskchin/57680_Mask_Chin.jpg,maskchin,train
maskmouth/52240_Mask_Mouth_Chin.jpg,maskmouth,train
maskchin/31590_Mask_Chin.jpg,maskchin,train
maskoff/720.jpg,maskoff,train
maskoff/725.jpg,maskoff,train
maskchin/59160_Mask_Chin.jpg,maskchin,train
maskmouth/49940_Mask_Mouth_Chin.jpg,maskmouth,train
maskchin/0_0_40.jpg,maskchin,train
maskchin/13310_Mask_Chin.jpg,maskchin,train
maskmouth/15840_Mask_Mouth_Chin.jpg,maskmouth,train
maskoff/5.jpg,maskoff,train
maskchin/06370_Mask_Chin.jpg,maskchin,train
maskchin/32080_Mask_Chin.jpg,maskchin,train
maskoff/290.jpg,maskoff,train
maskoff/635.jpg,maskoff,train
maskon/54.jpg,maskon,train
maskoff/135.jpg,maskoff,train
maskmouth/68140_Mask_Mouth_Chin.jpg,maskmouth,train
maskmouth/59640_Mask_Mouth_Chin.jpg,maskmouth,train
maskmouth/51740_Mask_Mouth_Chin.jpg,maskmouth,train
maskmouth/26640_Mask_Mouth_Chin.jpg,maskmouth,train
maskon/0_0_Åú×¢ 2020-02-24 215615.png,maskon,train
maskmouth/68240_Mask_Mouth_Chin.jpg,maskmouth,train
maskchin/43110_Mask_Chin.jpg,maskchin,train
maskmouth/30640_Mask_Mouth_Chin.jpg,maskmouth,train
maskmouth/05840_Mask_Mouth_Chin.jpg,maskmouth,train
maskmouth/05040_Mask_Mouth_Chin.jpg,maskmouth,train
maskmouth/37540_Mask_Mouth_Chin.jpg,maskmouth,train
maskoff/915.jpg,maskoff,train
maskchin/18710_Mask_Chin.jpg,maskchin,train
maskmouth/49740_Mask_Mouth_Chin.jpg,maskmouth,train
maskmouth/44340_Mask_Mouth_Chin.jpg,maskmouth,train
maskchin/61690_Mask_Chin.jpg,maskchin,train
maskchin/47980_Mask_Chin.jpg,maskchin,train
maskmouth/06440_Mask_Mouth_Chin.jpg,maskmouth,train
maskmouth/40440_Mask_Mouth_Chin.jpg,maskmouth,train
maskoff/870.jpg,maskoff,train
maskmouth/27740_Mask_Mouth_Chin.jpg,maskmouth,train
maskmouth/39440_Mask_Mouth_Chin.jpg,maskmouth,train
maskchin/69390_Mask_Chin.jpg,maskchin,train
maskchin/21670_Mask_Chin.jpg,maskchin,train
maskon/0_0_Åú×¢ 2020-02-24 203809.png,maskon,train
maskoff/845.jpg,maskoff,train
maskon/0_0_Åú×¢ 2020-02-24 225329.png,maskon,train
maskmouth/26040_Mask_Mouth_Chin.jpg,maskmouth,train
maskoff/515.jpg,maskoff,train
maskmouth/69040_Mask_Mouth_Chin.jpg,maskmouth,train
maskoff/590.jpg,maskoff,train
maskmouth/19140_Mask_Mouth_Chin.jpg,maskmouth,train
maskmouth/39740_Mask_Mouth_Chin.jpg,maskmouth,train
maskmouth/12740_Mask_Mouth_Chin.jpg,maskmouth,train
maskchin/52290_Mask_Chin.jpg,maskchin,train
maskchin/21180_Mask_Chin.jpg,maskchin,train
maskmouth/32840_Mask_Mouth_Chin.jpg,maskmouth,train
maskmouth/61340_Mask_Mouth_Chin.jpg,maskmouth,train
maskchin/48000_Mask_Chin.jpg,maskchin,train
maskchin/09200_Mask_Chin.jpg,maskchin,train
maskchin/01760_Mask_Chin.jpg,maskchin,train
maskon/1_0_Åú×¢ 2020-02-25 184008.png,maskon,train
maskmouth/54440_Mask_Mouth_Chin.jpg,maskmouth,train
maskmouth/11640_Mask_Mouth_Chin.jpg,maskmouth,train
maskoff/20.jpg,maskoff,train
maskon/0_0_ÏÂÔØ.png,maskon,train
maskon/0_0_Åú×¢ 2020-02-24 203758.png,maskon,train
maskchin/60360_Mask_Chin.jpg,maskchin,train
maskoff/130.jpg,maskoff,train
maskchin/50800_Mask_Chin.jpg,maskchin,train
maskchin/14960_Mask_Chin.jpg,maskchin,train
maskmouth/15240_Mask_Mouth_Chin.jpg,maskmouth,train
maskmouth/51540_Mask_Mouth_Chin.jpg,maskmouth,train
maskmouth/58440_Mask_Mouth_Chin.jpg,maskmouth,train
maskmouth/0_0_37.jpg,maskmouth,train
maskchin/64080_Mask_Chin.jpg,maskchin,train
maskoff/325.jpg,maskoff,train
maskchin/56810_Mask_Chin.jpg,maskchin,train
maskon/0_0_Åú×¢ 2020-02-24 225427.png,maskon,train
maskon/0_0_Åú×¢ 2020-02-25 151936.png,maskon,train
maskchin/17060_Mask_Chin.jpg,maskchin,train
maskoff/295.jpg,maskoff,train
maskchin/25870_Mask_Chin.jpg,maskchin,train
maskmouth/45940_Mask_Mouth_Chin.jpg,maskmouth,train
maskmouth/22740_Mask_Mouth_Chin.jpg,maskmouth,train
maskoff/470.jpg,maskoff,train
maskoff/715.jpg,maskoff,train
maskchin/39710_Mask_Chin.jpg,maskchin,train
maskon/0_0_Åú×¢ 2020-02-23 132414.png,maskon,train
maskchin/61780_Mask_Chin.jpg,maskchin,train
maskoff/670.jpg,maskoff,train
maskmouth/31340_Mask_Mouth_Chin.jpg,maskmouth,train
maskchin/34410_Mask_Chin.jpg,maskchin,train
maskon/0_0_eb49cac2e9ff8bf0906bba0b1c5a5333.jpeg,maskon,train
maskmouth/26440_Mask_Mouth_Chin.jpg,maskmouth,train
maskoff/510.jpg,maskoff,train
maskon/5.jpg,maskon,train
maskon/1_0_Åú×¢ 2020-02-24 203426.png,maskon,train
maskoff/40.jpg,maskoff,train
maskchin/23580_Mask_Chin.jpg,maskchin,train
maskchin/17660_Mask_Chin.jpg,maskchin,train
maskchin/27780_Mask_Chin.jpg,maskchin,train
maskchin/02860_Mask_Chin.jpg,maskchin,train
maskoff/660.jpg,maskoff,train
maskmouth/64740_Mask_Mouth_Chin.jpg,maskmouth,train
maskmouth/54140_Mask_Mouth_Chin.jpg,maskmouth,train
maskmouth/11240_Mask_Mouth_Chin.jpg,maskmouth,train
maskchin/33110_Mask_Chin.jpg,maskchin,train
maskmouth/30940_Mask_Mouth_Chin.jpg,maskmouth,train
maskon/1_0_0.png,maskon,train
maskmouth/27240_Mask_Mouth_Chin.jpg,maskmouth,train
maskchin/21200_Mask_Chin.jpg,maskchin,train
maskmouth/26540_Mask_Mouth_Chin.jpg,maskmouth,train
maskmouth/31140_Mask_Mouth_Chin.jpg,maskmouth,train
maskchin/30660_Mask_Chin.jpg,maskchin,train
maskmouth/24640_Mask_Mouth_Chin.jpg,maskmouth,train
maskchin/46110_Mask_Chin.jpg,maskchin,train
maskmouth/56740_Mask_Mouth_Chin.jpg,maskmouth,train
maskmouth/40540_Mask_Mouth_Chin.jpg,maskmouth,train
maskoff/770.jpg,maskoff,train
maskoff/25.jpg,maskoff,train
maskchin/33900_Mask_Chin.jpg,maskchin,train
maskmouth/53340_Mask_Mouth_Chin.jpg,maskmouth,train
maskmouth/47740_Mask_Mouth_Chin.jpg,maskmouth,train
maskmouth/21540_Mask_Mouth_Chin.jpg,maskmouth,train
maskchin/63280_Mask_Chin.jpg,maskchin,train
maskmouth/47640_Mask_Mouth_Chin.jpg,maskmouth,train
maskmouth/27040_Mask_Mouth_Chin.jpg,maskmouth,train
maskoff/160.jpg,maskoff,train
maskchin/34690_Mask_Chin.jpg,maskchin,train
maskon/0_0_1.jpeg,maskon,test
maskmouth/59540_Mask_Mouth_Chin.jpg,maskmouth,test
maskmouth/14540_Mask_Mouth_Chin.jpg,maskmouth,test
maskchin/39910_Mask_Chin.jpg,maskchin,test
maskmouth/46540_Mask_Mouth_Chin.jpg,maskmouth,test
maskchin/13200_Mask_Chin.jpg,maskchin,test
maskchin/61080_Mask_Chin.jpg,maskchin,test
maskmouth/28040_Mask_Mouth_Chin.jpg,maskmouth,test
maskmouth/57740_Mask_Mouth_Chin.jpg,maskmouth,test
maskchin/01690_Mask_Chin.jpg,maskchin,test
maskmouth/41940_Mask_Mouth_Chin.jpg,maskmouth,test
maskchin/24270_Mask_Chin.jpg,maskchin,test
maskmouth/52840_Mask_Mouth_Chin.jpg,maskmouth,test
maskmouth/28540_Mask_Mouth_Chin.jpg,maskmouth,test
maskchin/16090_Mask_Chin.jpg,maskchin,test
maskoff/575.jpg,maskoff,test
maskon/0_0_3c6d55fbb2fb4316d33a750055068c2608f7d3cf.jpeg,maskon,test
maskmouth/69640_Mask_Mouth_Chin.jpg,maskmouth,test
maskchin/03180_Mask_Chin.jpg,maskchin,test
maskon/57.jpg,maskon,test
maskmouth/38440_Mask_Mouth_Chin.jpg,maskmouth,test
maskmouth/32340_Mask_Mouth_Chin.jpg,maskmouth,test
maskmouth/59440_Mask_Mouth_Chin.jpg,maskmouth,test
maskmouth/47940_Mask_Mouth_Chin.jpg,maskmouth,test
maskmouth/00340_Mask_Mouth_Chin.jpg,maskmouth,test
maskoff/55.jpg,maskoff,test
maskmouth/15940_Mask_Mouth_Chin.jpg,maskmouth,test
maskmouth/0_0_53.jpg,maskmouth,test
maskmouth/22140_Mask_Mouth_Chin.jpg,maskmouth,test
maskchin/69770_Mask_Chin.jpg,maskchin,test
maskon/0_0_Åú×¢ 2020-02-25 185823.png,maskon,test
maskoff/275.jpg,maskoff,test
maskchin/62000_Mask_Chin.jpg,maskchin,test
maskchin/41390_Mask_Chin.jpg,maskchin,test
maskmouth/57440_Mask_Mouth_Chin.jpg,maskmouth,test
maskoff/495.jpg,maskoff,test
maskmouth/44840_Mask_Mouth_Chin.jpg,maskmouth,test
maskmouth/33640_Mask_Mouth_Chin.jpg,maskmouth,test
maskmouth/57840_Mask_Mouth_Chin.jpg,maskmouth,test
maskon/1_0_0.JPEG,maskon,test
maskoff/405.jpg,maskoff,test
maskchin/17310_Mask_Chin.jpg,maskchin,test
maskmouth/37240_Mask_Mouth_Chin.jpg,maskmouth,test
maskmouth/30540_Mask_Mouth_Chin.jpg,maskmouth,test
maskoff/425.jpg,maskoff,test
maskon/0_0_Åú×¢ 2020-02-24 205249.png,maskon,test
maskmouth/34440_Mask_Mouth_Chin.jpg,maskmouth,test
maskchin/33410_Mask_Chin.jpg,maskchin,test
maskchin/36210_Mask_Chin.jpg,maskchin,test
maskchin/30210_Mask_Chin.jpg,maskchin,test
maskmouth/03140_Mask_Mouth_Chin.jpg,maskmouth,test
maskmouth/29840_Mask_Mouth_Chin.jpg,maskmouth,test
maskmouth/57340_Mask_Mouth_Chin.jpg,maskmouth,test
maskoff/555.jpg,maskoff,test
maskchin/62510_Mask_Chin.jpg,maskchin,test
maskoff/315.jpg,maskoff,test
maskchin/20160_Mask_Chin.jpg,maskchin,test
maskoff/685.jpg,maskoff,test
maskmouth/63740_Mask_Mouth_Chin.jpg,maskmouth,test
maskchin/22860_Mask_Chin.jpg,maskchin,test
maskchin/30680_Mask_Chin.jpg,maskchin,test
maskoff/195.jpg,maskoff,test
maskon/0_0_Åú×¢ 2020-02-23 132115.png,maskon,test
maskmouth/12840_Mask_Mouth_Chin.jpg,maskmouth,test
maskoff/825.jpg,maskoff,test
maskchin/55470_Mask_Chin.jpg,maskchin,test
maskmouth/53040_Mask_Mouth_Chin.jpg,maskmouth,test
maskoff/310.jpg,maskoff,test
maskoff/655.jpg,maskoff,test
maskchin/53560_Mask_Chin.jpg,maskchin,test
maskmouth/52540_Mask_Mouth_Chin.jpg,maskmouth,test
maskoff/485.jpg,maskoff,test
maskmouth/01240_Mask_Mouth_Chin.jpg,maskmouth,test
maskchin/13260_Mask_Chin.jpg,maskchin,test
maskmouth/20840_Mask_Mouth_Chin.jpg,maskmouth,test
maskon/1_0_20160215005358_5MLQK.jpeg,maskon,test
maskmouth/07940_Mask_Mouth_Chin.jpg,maskmouth,test
maskoff/330.jpg,maskoff,test
maskchin/05390_Mask_Chin.jpg,maskchin,test
maskchin/53410_Mask_Chin.jpg,maskchin,test
maskmouth/25040_Mask_Mouth_Chin.jpg,maskmouth,test
maskmouth/53940_Mask_Mouth_Chin.jpg,maskmouth,test
maskchin/16960_Mask_Chin.jpg,maskchin,test
maskmouth/39540_Mask_Mouth_Chin.jpg,maskmouth,test
maskchin/40780_Mask_Chin.jpg,maskchin,test
maskon/0_0_0.png,maskon,test
maskmouth/53240_Mask_Mouth_Chin.jpg,maskmouth,test
maskoff/955.jpg,maskoff,test
maskmouth/05940_Mask_Mouth_Chin.jpg,maskmouth,test
maskoff/210.jpg,maskoff,test
maskon/0_0_ac4bd11373f082023933e9493e5931e8aa641b4e.jpeg,maskon,test
maskmouth/01140_Mask_Mouth_Chin.jpg,maskmouth,test
maskmouth/25940_Mask_Mouth_Chin.jpg,maskmouth,test
maskmouth/49340_Mask_Mouth_Chin.jpg,maskmouth,test
maskoff/710.jpg,maskoff,test
maskchin/38710_Mask_Chin.jpg,maskchin,test
maskoff/365.jpg,maskoff,test
maskmouth/10940_Mask_Mouth_Chin.jpg,maskmouth,test
maskoff/360.jpg,maskoff,test
maskchin/65980_Mask_Chin.jpg,maskchin,test
maskon/0_0_1.JPEG,maskon,test
maskchin/44190_Mask_Chin.jpg,maskchin,test
maskmouth/56440_Mask_Mouth_Chin.jpg,maskmouth,test
maskmouth/38140_Mask_Mouth_Chin.jpg,maskmouth,test
maskmouth/25740_Mask_Mouth_Chin.jpg,maskmouth,test
maskmouth/34540_Mask_Mouth_Chin.jpg,maskmouth,test
maskchin/55970_Mask_Chin.jpg,maskchin,test
maskoff/190.jpg,maskoff,test
maskmouth/34240_Mask_Mouth_Chin.jpg,maskmouth,test
maskchin/46870_Mask_Chin.jpg,maskchin,test
maskoff/850.jpg,maskoff,test
maskmouth/17040_Mask_Mouth_Chin.jpg,maskmouth,test
maskchin/21300_Mask_Chin.jpg,maskchin,test
maskmouth/58240_Mask_Mouth_Chin.jpg,maskmouth,test
maskmouth/10540_Mask_Mouth_Chin.jpg,maskmouth,test
maskchin/1_1_26.jpg,maskchin,test
maskmouth/19940_Mask_Mouth_Chin.jpg,maskmouth,test
maskmouth/52640_Mask_Mouth_Chin.jpg,maskmouth,test
maskon/0_0_Åú×¢ 2020-02-24 225352.png,maskon,test
maskmouth/54640_Mask_Mouth_Chin.jpg,maskmouth,test
maskchin/38380_Mask_Chin.jpg,maskchin,test
maskmouth/29240_Mask_Mouth_Chin.jpg,maskmouth,test
maskchin/15000_Mask_Chin.jpg,maskchin,test
maskoff/430.jpg,maskoff,test
maskchin/42810_Mask_Chin.jpg,maskchin,test
maskmouth/54240_Mask_Mouth_Chin.jpg,maskmouth,test
maskmouth/24240_Mask_Mouth_Chin.jpg,maskmouth,test
maskoff/895.jpg,maskoff,test
maskchin/34160_Mask_Chin.jpg,maskchin,test
maskon/0_0_Åú×¢ 2020-02-24 202509.png,maskon,test
maskmouth/46740_Mask_Mouth_Chin.jpg,maskmouth,test
maskchin/28770_Mask_Chin.jpg,maskchin,test
maskon/0_0_29.jpeg,maskon,test
maskoff/815.jpg,maskoff,test
maskoff/940.jpg,maskoff,test
maskoff/95.jpg,maskoff,test
maskon/0_0_8fc81df599d9518353a6f7621ffc5068.jpeg,maskon,test
maskmouth/12040_Mask_Mouth_Chin.jpg,maskmouth,test
maskmouth/45040_Mask_Mouth_Chin.jpg,maskmouth,test
maskmouth/24840_Mask_Mouth_Chin.jpg,maskmouth,test
maskoff/650.jpg,maskoff,test
maskchin/43260_Mask_Chin.jpg,maskchin,test
maskchin/20270_Mask_Chin.jpg,maskchin,test
maskmouth/03440_Mask_Mouth_Chin.jpg,maskmouth,test
maskchin/06870_Mask_Chin.jpg,maskchin,test
maskmouth/63040_Mask_Mouth_Chin.jpg,maskmouth,test
maskmouth/25840_Mask_Mouth_Chin.jpg,maskmouth,test
maskoff/215.jpg,maskoff,test
maskoff/805.jpg,maskoff,test
maskmouth/03040_Mask_Mouth_Chin.jpg,maskmouth,test
maskchin/65790_Mask_Chin.jpg,maskchin,test
maskoff/480.jpg,maskoff,test
maskon/0_0_Åú×¢ 2020-02-23 132144.png,maskon,test
maskchin/42000_Mask_Chin.jpg,maskchin,test
maskmouth/14340_Mask_Mouth_Chin.jpg,maskmouth,test
maskchin/44410_Mask_Chin.jpg,maskchin,test
maskmouth/05540_Mask_Mouth_Chin.jpg,maskmouth,test
maskmouth/15440_Mask_Mouth_Chin.jpg,maskmouth,test
maskmouth/50040_Mask_Mouth_Chin.jpg,maskmouth,test
maskoff/875.jpg,maskoff,test
maskmouth/37140_Mask_Mouth_Chin.jpg,maskmouth,test
maskmouth/26940_Mask_Mouth_Chin.jpg,maskmouth,test
maskoff/180.jpg,maskoff,test
maskmouth/67140_Mask_Mouth_Chin.jpg,maskmouth,test
maskchin/33800_Mask_Chin.jpg,maskchin,test
maskmouth/27940_Mask_Mouth_Chin.jpg,maskmouth,test
maskchin/06000_Mask_Chin.jpg,maskchin,test
maskchin/37510_Mask_Chin.jpg,maskchin,test
maskmouth/17340_Mask_Mouth_Chin.jpg,maskmouth,test
maskchin/24810_Mask_Chin.jpg,maskchin,test
maskoff/925.jpg,maskoff,test
maskoff/80.jpg,maskoff,test
maskchin/25080_Mask_Chin.jpg,maskchin,test
maskoff/565.jpg,maskoff,test
maskmouth/15740_Mask_Mouth_Chin.jpg,maskmouth,test
maskchin/06510_Mask_Chin.jpg,maskchin,test
maskmouth/14940_Mask_Mouth_Chin.jpg,maskmouth,test
maskmouth/06940_Mask_Mouth_Chin.jpg,maskmouth,test
maskmouth/14040_Mask_Mouth_Chin.jpg,maskmouth,test
maskmouth/24940_Mask_Mouth_Chin.jpg,maskmouth,test
maskmouth/37340_Mask_Mouth_Chin.jpg,maskmouth,test
maskmouth/45540_Mask_Mouth_Chin.jpg,maskmouth,test
maskon/1_0_Åú×¢ 2020-02-25 150412.png,maskon,test
maskmouth/17540_Mask_Mouth_Chin.jpg,maskmouth,test
maskmouth/57940_Mask_Mouth_Chin.jpg,maskmouth,test
maskchin/21270_Mask_Chin.jpg,maskchin,test
maskmouth/14640_Mask_Mouth_Chin.jpg,maskmouth,test
maskchin/41980_Mask_Chin.jpg,maskchin,test
maskoff/115.jpg,maskoff,test
maskmouth/54540_Mask_Mouth_Chin.jpg,maskmouth,test
maskchin/48500_Mask_Chin.jpg,maskchin,test
maskmouth/28240_Mask_Mouth_Chin.jpg,maskmouth,test
maskchin/65390_Mask_Chin.jpg,maskchin,test
maskmouth/47240_Mask_Mouth_Chin.jpg,maskmouth,test
maskchin/28000_Mask_Chin.jpg,maskchin,test
maskoff/75.jpg,maskoff,test
maskchin/29970_Mask_Chin.jpg,maskchin,test
maskmouth/0_0_39.jpg,maskmouth,test
maskmouth/46040_Mask_Mouth_Chin.jpg,maskmouth,test
maskchin/67480_Mask_Chin.jpg,maskchin,test
maskchin/30610_Mask_Chin.jpg,maskchin,test
maskmouth/34340_Mask_Mouth_Chin.jpg,maskmouth,test
maskmouth/63440_Mask_Mouth_Chin.jpg,maskmouth,test
maskchin/68500_Mask_Chin.jpg,maskchin,test
maskchin/12210_Mask_Chin.jpg,maskchin,test
maskchin/10790_Mask_Chin.jpg,maskchin,test
maskmouth/61140_Mask_Mouth_Chin.jpg,maskmouth,test
maskchin/28610_Mask_Chin.jpg,maskchin,test
